Gallery Name,Order Number,File Name,Link
Solstice,1,SOLSTICE_1_VELVET.mp4,https://freight.cargo.site/w/432/i/H1192836473849283838477383837473/SOLSTICE_1_VELVET.mp4
Dreamscape,2,DREAMSCAPE_2_OASIS.jpeg,https://freight.cargo.site/w/432/i/N2022314541099543382459403000873/DREAMSCAPE_2_OASIS.jpeg
Solstice,3,SOLSTICE_3_NEON.jpeg,https://freight.cargo.site/w/432/i/C9283749283749284738473837479283/SOLSTICE_3_NEON.jpeg
Dreamscape,0,DREAMSCAPE_0_SUNRISE.mp4,https://freight.cargo.site/w/432/i/K9843132970813627593857748371264/DREAMSCAPE_0_SUNRISE.mp4
Solstice,4,SOLSTICE_4_ORBIT.jpeg,https://freight.cargo.site/w/432/i/D8374928472948729349383928374923/SOLSTICE_4_ORBIT.jpeg
Dreamscape,1,DREAMSCAPE_1_MIRAGE.mov,https://freight.cargo.site/w/432/i/G1209935639173365542921941275483/DREAMSCAPE_1_MIRAGE.mov
Dreamscape,3,DREAMSCAPE_3_CRYSTAL.jpeg,https://freight.cargo.site/w/432/i/A9928374839284823742938465849123/DREAMSCAPE_3_CRYSTAL.jpeg
Solstice,0,SOLSTICE_0_THUNDER.jpeg,https://freight.cargo.site/w/432/i/Y0011283749482848293848392293842/SOLSTICE_0_THUNDER.jpeg
Dreamscape,4,DREAMSCAPE_4_WILDFIRE.jpeg,https://freight.cargo.site/w/432/i/J0092299394203049384930203842011/DREAMSCAPE_4_WILDFIRE.jpeg
Solstice,2,SOLSTICE_2_ECHO.mov,https://freight.cargo.site/w/432/i/B2836482738474847393848374749302/SOLSTICE_2_ECHO.mov
